id,created_at,text,retweet_count,favorite_count
9.21407E+17,10/20/2017 16:05,Mersal was certified. Dont re-censor it . Counter criticism with logical response. Dont silence critics. India will shine when it speaks.,23539,56968
9.20544E+17,10/18/2017 6:57,ஆராய்ச்சி அலோபதியார்தான் செய்யவேண்டுமென்றில்லை பாரம்பரியக காவலர்களே செய்திருக்கவேண்டும். மருந்துக்கு பக்கவிளைவுண்டு என்பதும் பாரம்பரியம்தான்,1470,9705
9.20536E+17,10/18/2017 6:24,சரியான ஆராய்ச்சி முடிவுகள் கிடைக்கும்வரை நம் இயக்கத்தார் நிலவேம்பு  விநியோகத்தில் ஈடுபடாதிருக்க கேட்டுக்கொள்கிறேன். மற்ற பணிகள் தொடரட்டும்,2184,15815
9.1723E+17,10/9/2017 3:27,திருவாங்கூர் தேவஸ்தானத்தில் பிராமணர் அல்லாத அர்சகர்கள் நியமனம். நன்றி கேரள முதல்வருக்கும் தேவஸ்தானத்துக்கும். வைக்கம் வீரர்க்கு வணக்கம்.,3220,21194
9.17229E+17,10/9/2017 3:22,Bravo Travancore Dewasom board.Salute to Kerala CM Mr. Pinarayi Vijayan.4 appointing 36 non-Brahmin priests. Periar's dream realized,3590,20933
9.14701E+17,10/2/2017 3:58,First they ignore you then they laugh at you then they fight you and then you win-  Gandhi jiHis words impart  strength we need now,6561,36209
9.14512E+17,10/1/2017 15:28,செவாலியே சிவாஜிமணிமண்டப விழா இனிதே நடந்தேறியது. இது போலவும் இதைவிடப்பெரியதும் செய்வோம் எங்கள் அய்யாவிற்கு.,3234,25414
9.13237E+17,9/28/2017 3:01,60களுக்குப்பறகு நம் தமிழ் சினிமா நகைச்சுவையின் அப்பா அம்மா. இப்புகைப்படம் எடுத்த நாளை மறவேன்.இவர்களை நினைக்காத நாட்… https://t.co/gMccehbneh,4848,39534
9.12003E+17,9/24/2017 17:15,அரசு தூங்குகிறது பெற்ரோர் விழித்திருங்கள். இனி காவலர் நாம்தான். கேள்விக்கான பதிலை பெறாது அமையாதீர்.,5063,24456
9.12E+17,9/24/2017 17:05,செவிடர்க்கு நான் ஊதிய டெங்கு ஜுரச் சங்கு வீண்.  கோபாலபுரம் DAV பள்ளி மாணவன் பார்கவ் பலி. டெங்கு மரணம் தவிர்க்க ஆவன செய்யாஅரசு அகல வேண்டும்,5418,23517
9.09288E+17,9/17/2017 5:30,"அவர் செயலை உணர்வை நினைவை போற்றுவோம். 1879,செப்டம்பர்17ஆம் தேதிக்கு தமிழ் இனம் நன்றி சொல்லும்.பெரியார் மறுக்கமுடியாத உண்மை. வாய்மையே வென்றது",6188,29279
9.08562E+17,9/15/2017 5:25,The honourable court warns teachers on strike. I beseech the court to issue similar warnings to those MLAs who desist from attending work,10470,36712
9.08561E+17,9/15/2017 5:19,No work no pay only for Govt. Employees?. How about horse trading politicians languishing in resorts?,8960,31829
9.07886E+17,9/13/2017 8:36,Embarrassing. Was not asked for Calicut meeting with Kerala CM. I am at Bigg boss all saturdays till Oct. Best wishes for the function.,2292,17883
9.07274E+17,9/11/2017 16:06,"பாரதி போய் 96 ஆண்டுகளாயிற்று.கவிதையையே பொதுவுடமையாக்கி கல்லாத் தமிழர்க்கும் செவிவழி விதை தூவிய அந்த விவசாயி வம்சம், இனியேனும் விதி செய்யுமா?",6331,30664
9.06581E+17,9/9/2017 18:12,வீரத்தின் உச்சகட்டம் அஹிம்ஸை.அதன் விதை பயமிலாக் கேள்வி. பகுத்துமறிவோம் பக்தியும் புரிவோம். தமிழ்க்கோவலர் வாழும் கோவில் TN வணங்குதல் நலம் .,4739,24942
9.06545E+17,9/9/2017 15:49,"At BB the whole day. At 6 am today, witnessed a passing out parade at OTAChennai.Only place in India which trains women. Proud of our OTA.",1904,14395
9.06187E+17,9/8/2017 16:07,"We made justice system.Use it  correct it.We can.Do not insult &amp; abuse it.Our constitution, is robust enough 2 take all debates.Bring it on",3916,20675
9.05619E+17,9/7/2017 2:30,Silencing a voice with a gun is the worst way to win a debate. Condolence to all those who are grieving Gauri Lankesh's demise.,6010,24636
9.05428E+17,9/6/2017 13:52,களம் இறங்கிவிட்டதை உணராத Tamil tweeters அனைவருக்ககும். இதுவும் களமே. பலகளம் பொருதும் மாமல்லரன்றோ நாம். Translation-We're versatile warriros,6506,25878
9.05418E+17,9/6/2017 13:12,Neet பற்றி தயவாய் நீட்டி முழக்காதீர் இது விடை காணும் வேளை.இது நம் சந்ததியின் எதிர்காலம் கூடியோசிப்போம்.வெகுளாதீர்.மதி நீதியையும் வெல்லும்,6511,25602
9.05007E+17,9/5/2017 9:57,"வளர்மதி வளர்,பௌர்ணமியை நோக்கி. மயங்கா நீதி தேவர்க்கும் வணக்கம்",5132,24122
9.04984E+17,9/5/2017 8:28,இன்றைய மாணவர் நாளைய ஆசிரியர். கல்வி மேம்பட நேற்றைய இன்றைய நாளைய ஆசிரியர் நலமாய் வாழ வேண்டுகிறேன் இவ்வாசிரியர் தினத்தன்று.,4682,25375
9.01012E+17,8/25/2017 9:21,https://t.co/GzCIjOKvV8,1072,10910
9.01011E+17,8/25/2017 9:19,ஹே!ராம் திரைக்கதைப் புத்தகத்தை மறுபதிப்புச்செய்த பிரசுரத்தாருக்கும் இளந்தோழர் புவியரசு அய்யாவிற்கும் நன்றி. https://t.co/2A9ziItuVp,1781,14766
9.00937E+17,8/25/2017 4:24,Those interested and qualified please apply. It is an opportunity to walk the talk. I love my cinema. Do you?. Pers… https://t.co/4KFEuRJXf8,1634,11370
9.00599E+17,8/24/2017 6:02,SC upholds the right to privacy Nothing vague or amorphous about it. People thank the Honourable Judges. These are moments that make India.,3511,16944
9.0056E+17,8/24/2017 3:26,Watching Vivegam with Ms. Akshara Haasan today. Looking forward. நல்ல சேதிகளே கேள்விப்படுகிறேன். திரு. அஜித்முதல் அனைவருக்கும் வாழ்த்துக்கள்,12258,47212
8.99558E+17,8/21/2017 9:06,"காந்திக்குல்லா!காவிக்குல்லா!கஷ்மீர்குல்லா!! தற்போது  கோமாளிக்குல்லா, தமிழன் தலையில் . போதுமா இன்னும் வேண்டுமா? தயவாய் வெகுள்வாய் தமிழா.",14298,45555
8.98956E+17,8/19/2017 17:12,Appalled at the UP train accident. Condolences &amp; sympathy to the berieved families.,2795,16013
8.97837E+17,8/16/2017 15:06,நன்றிNEET மாணவரின் தவிப்புணர்ந்த சட்ட அமைச்சகத்திற்கும்  அனைத்து கட்சிகளுக்கும்.ஓரு வருட வாய்ப்பு அவசரச் சிகிச்சையே.இனி என்ன செய்வோம்?,4042,21179
8.97527E+17,8/15/2017 18:35,"Location Noskara, Dhubri dustrict. up loaded by a TET teacher Mizanur Rehman . May be the best picture of the day . https://t.co/qpoEKJJihL",5913,27963
8.97525E+17,8/15/2017 18:25,This is just one example of our trust in our nation. Politicians who dont live up to it have already failed. Become… https://t.co/FcRcut0GMN,4954,25433
8.97402E+17,8/15/2017 10:18,சுதந்திரம் ஊழலலிருந்து நாம் பெறாத வரையில் இன்றும் நாம் அடிமைகளே. புதிய சுதந்திரப் போராட்டத்திற்க்கு சூளுரைக்கத் துணிவுள்ளவர் வாரும் வெல்வோம்,9853,36371
8.97393E+17,8/15/2017 9:43,My aim is a better Tamilnadu.Who dares to strengthen my voice? DMK AIADMK &amp; parties R tools to help. If those tools R blunt find others.,7644,29240
8.97389E+17,8/15/2017 9:28,If one state's CM should resign for a mishap &amp; corruption under his govt. How come no party calls for resignation in TN. Enough crimes done,7586,27203
8.9665E+17,8/13/2017 8:28,நீட்தேர்வை ஒத்திப்போட மத்திய அரசு ஒத்துழைக்குமாம்.குதிரைகளை பிற்பாடும் பேரம் பேசலாம். மாணவர் எதிர்காலம் பற்றியது. தயைகூர்ந்து உடனே பேசுங்கள்,8464,29261
8.96636E+17,8/13/2017 7:33,Children of UP die. @k_satyarthi's request to UP CM is the best course. See that it never happens again. India mourns its loss.,2936,12538
8.95689E+17,8/10/2017 16:52,பரிந்தவர் புரியாதோர்க்குப் புகட்டுக. நாட்டிற்கு ஊழியம் செய்வோரை கேலி செய்யாதே.மூப்பெய்தி மாளும் முன். சுதந்திரம் பழகு . தேசியமும் தான்.,3888,19143
8.95683E+17,8/10/2017 16:27,"விம்மாமல் பம்மாமல், ஆவன செ்ய். புரட்சியின் வித்து தனிச் சிந்தனயே.ஓடி எனைப்பின்தள்ளாதேகளைத்தெனைத்தாமதிக்காதே. கூடி நட, வெல்வது நானில்லை நாம்",4544,21193
8.95495E+17,8/10/2017 4:00,Welcome back home Dilip Kumar Saheb. One among your millions of fans in the South of India,1282,11695
8.93147E+17,8/3/2017 16:31,சிவாஜி ரசிகர் மனதிலும் நடிக்க நினைத்த தமிழன் மனதிலும் பதிந்தவர். இனி ஒரு சிலைசெய்வோம் அதைக் எந்த நாளும் காப்போம் அரசுக்குமப்பால்  என் அப்பா,3855,21093
8.92427E+17,8/1/2017 16:48,"Dr.நீர் சொன்னீர் வழிமொழிகிறேன்.முந்திச்சொல்வதை விட, முன்னேற்றத்தின்பின் செல்வதே பெருமை. பின்பற்றுவோர் தொண்டரல்லர் மக்கள்,குடியரசு புரிந்ததா?",4102,18111
8.92298E+17,8/1/2017 8:16,Perambaloor expose' of rotten eggs given to children deserves praise. Pls consult our in house lawyers be4 exposing crime Dont break laws.,2392,10870
8.92296E+17,8/1/2017 8:07,பெரம்பலூரில் அம்பலமான முட்டை ஊழல் இயக்கத்திற்கு பெருமையே. எனினும் இயக்க வக்கீல்களின் ஆலோசனைப்படி செயல்படவும். சட்டமீறல் நம் தரப்பில் கூடாது,4598,18391
8.9087E+17,7/28/2017 9:43,"Hi. Akshu. Have you changed your religeon?  Love you, even if you have. Love unlike religeon is unconditional. Enjoy life . Love- Your Bapu",2402,17198
8.90225E+17,7/26/2017 14:58,என் பிரகடணத்தில் பிழையிருக்கிறதாம்.எல்லா ஊழல்களையும் சாடாத பிழை. கட்சி நட்பு குடும்பபேதமின்றி எவ்வகை ஊழலையும் களைய  முயல்வதென் கடமை. உமதும்,5275,21409
8.90223E+17,7/26/2017 14:50,Am against corrupttion.I am not against A party All guilty of it I revolt against Revolutionists are not afraid of death or failure. Are u?,4650,20177
8.8912E+17,7/23/2017 13:46,I need my fans for greater service. I am enough to fend them off.Do not waste time and money on posters. Please take this debate higher,5113,22869
8.89117E+17,7/23/2017 13:36,தரந்தாழாதீர்.வய்து சுவரொட்டிகள் ஒட்டும் செலவு நற்பணிக்குப்போகட்டும். நாடுகாக்கும் நற்பணிக்கு மட்டுமே நீ தேவை இவருக்கு பதிலளிக்க நானே போதும்,6892,25240
8.88043E+17,7/20/2017 14:30,A high school drop out may not perceive Neet problem.But Dengu i know My child almost died of it. Work on it TN Govt. If unable move aside,7010,24492
8.88042E+17,7/20/2017 14:24,"பள்ளிப் படிப்பை முடிக்காதவன்"" நீட்"" ன்கொடுமை புரியவில்லை. டெங்கு காய்ச்சல் புரியும். என் மகளுக்கு வந்தது.அதை கவனி அரசே! உமை யாம் கவனிப்போம்",8671,27762
8.87685E+17,7/19/2017 14:46,"A  request to  my fans and the discerning people of TN. நேர்மையான தமிழகக் குடிமக்களுக்கும் ,என் தலைமையை ஏற்ற தொண்ட… https://t.co/LxpH1JqGQN",18678,41562
8.87358E+17,7/18/2017 17:05,புரியாதோர்க்கு ஆங்கில பத்திரிக்கைகளில்  நாளை வரும் சேதி https://t.co/yoFMD8jeJO,7679,25729
8.87357E+17,7/18/2017 17:02,"அமையாது அலைபவர்க்கும் அமைந்த என் தோழர்க்கும், விரைவில் ஒரு விளி கேட்கும். கேட்டு  அமைதி காப்பீர். உண்மை வெயிலில் காயும் நேற்றைய மழைக்காளான்",4726,19697
8.86599E+17,7/16/2017 14:49,....ஒரு தலைவன் இருக்கின்றான்  என்பதை உணர மறுப்பவர்  தலைவர்களாக நீடிக்கும் கனவு ஜனநாயகத்தில் பலிக்காது. பலிக்கவும் கூடாது..,4018,17751
8.86598E+17,7/16/2017 14:47,.(..140 எழுத்தக்களையும் விஞ்சும் நியாயம்) கோபச் செய்தியிலும்  கூட தென்பட்டதில்  எனக்குப் பெரிய ஆறுதலே. ஒவ்வொரு வாக்காளனிலும் ....தொடரும்...,2093,9819
8.86597E+17,7/16/2017 14:42,"அன்புச் சகோதரர் ஸ்டாலின் அவர்கட்கு,நன்றி தவிர உடனே ஒன்றும் சொல்லத் தோன்றவில்லை. என் ஆதங்கங்களில் பல உங்கள் கோபச் செய்தியிலும்...தொடரும்...",3450,15750
8.85896E+17,7/14/2017 16:15,If you still want me to apoligize I will.  No one is above law ...except your gods.  God is no reason just a ruse for some.,1968,10583
8.85892E+17,7/14/2017 16:01,Cant name her? Name her after my mother or my daughter. This war will be fought.Yehhai Mahabharath katha. Jago My lady bharath. Salaam.,1164,6229
8.85891E+17,7/14/2017 15:56,"Apologize say women, while I love &amp; fight 4them.I wiill bend 2 no woman or man 4 no reason. U r penalizing the lawyer &amp; missing criminals",1530,7532
8.85166E+17,7/12/2017 15:54,"One more Bravo to my argumentative Indian,Sen sahab. Please Indians argue your individual cases but only with a just and honest voice.",1186,7824
8.83228E+17,7/7/2017 7:36,@vijaytelevision Thanks to the team of Vijay TV who made  my job a breeze. Above all to those 36 million people who… https://t.co/EYcDXL0kPc,627,4706
8.82531E+17,7/5/2017 9:27,Thanks Rajni avaragaLay for voicing your concern. Lets request first as gentlemen should. Then we shall see. @superstarrajini &amp; TN .Govt.,3196,14237
8.82529E+17,7/5/2017 9:17,https://t.co/p2whnESL6L,1472,6759
8.82255E+17,7/4/2017 15:08,37 ஆண்டுகள் நாம் செய்த நற்பணிகளை இன்று அரசியல்வாதிகள் பின்பற்றுவதே நம் வெற்றி. இது நடக்கும் என்றேன். ஞாபகம் வருகிறதா?நீ யாரென்று புரிகிறதா?,2146,10632
8.81517E+17,7/2/2017 14:16,U.S. Senator.Ben Sasse' take on perpetual adolescence could apply to India too Adolescence is a gift. Permanantly staying so is dangerous.,547,4265
8.80063E+17,6/28/2017 14:00,72 have donated their organs in Chennai .Many including me have. If the72 are from our welfare assocn. we're proud. If not also our respect.,1108,7828
8.79603E+17,6/27/2017 7:30,பாரிஸ் நகரை சுத்தப்படுத்திய நமது  பாரிஸ்  நற்பணி இயக்கத்தாருக்கு நன்றி. இயக்கம் பெருமைகொள்கிறது.https://t.co/tKa6qNtFji,907,6663
8.79262E+17,6/26/2017 8:54,@luckzsathya @shrutihaasan Thank you KalaivaaNi alias Dr.K.S.L. I consider times spent with your Grandad a lottery… https://t.co/5rYo0bLXTQ,133,742
8.77871E+17,6/22/2017 12:48,தோழர் சு.ப. வீரபாண்டியன் நடத்தும் இம்மாலை நிகழ்சி  வெற்றியின் முதற்படி. தமிழனின் பெருமை கீழடியில் கிடப்பதை  அனுமதியாத இவ்வறப்போர் தொடரும்.,1787,8551
8.74656E+17,6/13/2017 15:54,False news about trailer of VR2. RKFI is  bound to inform admirers of progress. We facilitate Tamil VR2's release.  We own the Hindi rights,983,6642
8.72475E+17,6/7/2017 15:27,@ZbigsBujji Many kids sing this in https://t.co/UAk0eyTaxN're spcl.Thanks 4 liking this song.. India has 15  lovely… https://t.co/NZBEujKkre,442,1642
8.71704E+17,6/5/2017 12:25,Not pressurising. It's a plea &amp; SOS from regional cinema to our FM  We fear it will collapse.We request the council to do all to save it.,843,5092
8.70683E+17,6/2/2017 16:45,"அப்துல் ரஹ்மான் உயிராய்த்தான் மாண்டார் உரமாகி கவிதை மூலம் தமிழாய் வாழ்வார்.என் மூலம், எனக்கும் இறங்கல் கூறப்போகும் கவி மூலம் வாழ்ந்தேதீருவர்",1102,6063
8.70679E+17,6/2/2017 16:32,He promised to write a preface if I published my poems. That was 15 years ago.  Forgive me sir i am a slow poet and a slower learner,504,3810
8.70679E+17,6/2/2017 16:29,AbdulRehman saheb dies not his poems..He's done  what all humans do and what most cant. He wrote poetry.The poet is dead long live the poet,612,4203
8.69567E+17,5/30/2017 14:50,I remember the days spent with Narayan rao gaaru and Mr. Sanjeev kumar ji. Yaadgaar. He was a great fan of Mr.KB. I belong to a great family,651,4586
8.69561E+17,5/30/2017 14:29,My sympathy and condolences to the family of Daasari NaryaNa rao.His loss is truly a big loss for Telugu cinema. Late K.B. sir admired him,979,6019
8.68491E+17,5/27/2017 15:35,Bravo and all the best to The Womens Collective in Cinema. Way to go ladies (@WCC_Cinema): https://t.co/wIjIOMMZLz. Proud of you.,446,2975
8.68027E+17,5/26/2017 8:52,பத்திரிக்கையாளர்களும் மற்ற ஊடகத்தாரும் கண்டு களித்த ட்ரெய்லர் இப்போது இங்கேயும். அன்புடன்Big boss trailer for you… https://t.co/9Mtt2DAwfU,2493,10243
8.68027E+17,5/26/2017 8:50,#BiggBoss #ஓடவும்முடியாது_ஒளியவும்முடியாது,979,5951
8.66866E+17,5/23/2017 4:00,விரைவில் விஸ்வரூபத்தின் பாடல் வரிகள் உங்கள் பார்வைக்கு இங்கே. மனதைத் தொற்றிப் பிடிக்கும் இசை . நன்றி ஜிப்ரனுக்கும் பாடகர்களுக்கும்,1875,8916
8.66862E+17,5/23/2017 3:43,Recorded last song in VR2. Hindi Lyrics by Prasoon Joshi Tamizh lyrics by me. Tune is infectious to say the least. Telugu to record soon.,1177,7315
8.665E+17,5/22/2017 3:43,My baby in Cannes with her other hero. Neil Gaiman. Glad to be in August company. https://t.co/7lHIBdkQhL,633,8619
8.64174E+17,5/15/2017 17:41,எனையாளும் அன்பர்களை சென்றடையஇதுவும் ஓர் வழி.https://t.co/BS9jtWxxzS விரைவில் உங்கள் அன்பிற்குப் பாத்திரமாக. பாத்திரம் ஏற்காமல் .நானாக நான்,1245,6179
8.64173E+17,5/15/2017 17:37,Reaching more of those I love. Can't live without people.https://t.co/BS9jtWP8YsSoon with you on Vijay TV,1621,8027
8.63615E+17,5/14/2017 4:40,"Few weeks back took family &amp; friends to see Mr.Shekhar Sen's  musical play ""Kabir"". He should do more shows in Chennai. To be seen. Touching",479,4510
8.59401E+17,5/2/2017 13:34,With love my country and it's people https://t.co/3zdir7u1Gh,14431,45833
8.5938E+17,5/2/2017 12:14,"Shruti Haasan's trailer of ""Behen hogi teri"" released yesterday.  Congrats Haasan mamhttps://t.co/Owvvw3teXu  #ShrutiHaasan",624,5259
8.59318E+17,5/2/2017 8:06,Happy to anounce:Today 7pm Vishwaroop 2  Hindi first look poster &amp; Vishwaroopam Tamizh Telugu 1st look posters release Exclusively for you,5315,20214
8.58982E+17,5/1/2017 9:51,"Proud 2 be a  subjecr in Micheal Westmore's book Makeupman .Mike doesnt feel comfortable being called Guru, but that exactly is what he is",577,4601
8.57595E+17,4/27/2017 13:59,A valiant fighter not only in movies.His battle against cancer was brave His his work will be remembered. No more pain Dear Vinodh Bhai,797,6242
8.57165E+17,4/26/2017 9:30,TKS அண்ணாச்சி பிறந்த நாளை ஆங்கிலத்தில் அறிவிப்பது தமிழ் மறந்துவரும் தமிழ் கிள்ளைகள் அறியவே.அவர் இருந்திருந்தால் கடிந்திருப்பார். கடுந்தமிழர்,721,4411
8.57161E+17,4/26/2017 9:14,Just check out what Avvai Shanmugam means to Tamil theatre. Old Lloyds road was renamed after my guru T.k.Shanmugam. Mentor of many stars,509,3707
8.5716E+17,4/26/2017 9:09,26 April Mr.T.K.Shanmugam's birthdate. Proud 2 be a cub from that pride &amp; a 4th generation theatre child starting from.Swami Shankardass,377,2623
8.5651E+17,4/24/2017 14:06,Thank u with glistening eyes Vishwanath gaaru  for Sagara sangamam. Like Balu of S.S I initiate more applause. Your fame is mine vice versa,834,4944
8.56508E+17,4/24/2017 13:59,"My K.Vishwanath gaaru is  a Dada Saheb Palke award winner. In his humility he would say "" I am lucky"" .Truth is Indians are lucky. So am I",1455,7126
8.55797E+17,4/22/2017 14:53,Take it away lasses and lads. VR2 is yours to enjoy. I persevered inspite of political interferences. Was worth it.  For my Nation &amp; me,1405,6589
8.55795E+17,4/22/2017 14:48,"Happy to announce, Raajkamal Films International has taken over the responsibility of bringing Vishwaroopam2  within this calendar year 2017",4050,15524
8.55652E+17,4/22/2017 5:17,Congrats Mr. Sathyaraj for maintaining rationality in a troubled environement. Quoting VirumaaNdi மன்னிப்புக் கேக்கறவன் பெரியமனுசன். Bravo,4496,17237
8.55417E+17,4/21/2017 13:43,"படைவீரன் படக்குழுவினருக்கும். திரு.பாரதிராஜா திரு.கார்திக் ஜேஸுதாஸ்,மற்ற கலைஞர்கட்கும் மனமார்ந்த வாழ்த்துக்கள். May the Padaiveeran team win",480,3477
8.53861E+17,4/17/2017 6:40,Proud of our Malaysian welfare association team's blood donation camp. It started 35years back in Tamilnadu &amp; is now becoming International,767,4728
8.53848E+17,4/17/2017 5:49,பல இனத்தவரும் பங்கு கொண்ட நம் மலேசிய  இயக்கத்தின் இரத்த தான முகாம் 35வருடங்களாக இதைச்செய்து வரும் நம்மியக்கத்திற்கு மேலும் பெருமை சேர்க்கும்,681,4070
8.52927E+17,4/14/2017 16:51,Vairamuththu wishpered on stage as I felicitated him.This is my 8th. He meant my praise. I counted 1 more. 7is the no:.Maybe I predicted 8th,443,3134
8.52926E+17,4/14/2017 16:46,பொன்னாடை போர்த்துகையில் காதில் கிசுகிசுத்தார் வை.மு. இது எட்டாவது என.  பிழைதிருத்துகிறார் எனப் புரிந்தேன் 7ஏ சரி. கவிஞர் வாக்கு பலிகட்டும்,518,2807
8.52921E+17,4/14/2017 16:27,"பாரதிராஜா கலைப்பள்ளி துவக்க விழாவில் ,8ஆவது முறையாக தேசிய விருது பெற்ற வைரமுத்துவை வியந்து மகிழ்ந்தேன். தமிழன் என்பது விலாசம் திறமையே தகுதி",805,4390
8.52919E+17,4/14/2017 16:17,I Felicitate my friend Vairamutthu for winning his 8th National award for lyrics. A record.Text in English so all Indians know. ஜெய் ஹிந்த்,894,5194
8.52761E+17,4/14/2017 5:49,Integrrate into  India . Shame onthose who dare touch my soldiers. Height of valour is nonviolence. CRPF has set a fine example,2182,7504
8.5047E+17,4/7/2017 22:08,Thanks for all the love and concern. Now off to sleep. Good night indeed:),625,4761
8.50467E+17,4/7/2017 21:55,"Thanks to my staff. Escaped a fire at my house. Lungs full of smoke, I climbed down from the third floor. I am safe No one hurt . Goodnight",1589,8110
8.49273E+17,4/4/2017 14:50,"Good ""Take off"" in Malayalam  Mahesh Narayan. Primary reason to make the film itself is Noble. Enjoyed the film. Thanks.&amp; Congrats to all",1301,7074
8.44948E+17,3/23/2017 16:25,திரு. அசோகமித்ரனின்  எழுத்து அவர் காலமும் கடந்து வாழும்.  அவரை வாசித்து நேசித்து சந்தித்த பெருமை பெற்றவன் நான் .நனறி அமரர் அனந்துவிற்கு.,1263,6528
8.43438E+17,3/19/2017 12:24,@SupportRequests #54532481,61,285
8.43435E+17,3/19/2017 12:14,"நண்பனாய் நல்லாசானாய், தமயனும் தகப்பனுமாய்  அவரை பெற்றதால் உற்றது நல் வாழ்வு.  எனக்காக அவர் கண்ட கனவுகளில் பாதியைக் கூட நான்  நிரைவேற்றவில்லை",2910,13456
8.35567E+17,2/25/2017 19:09,Bravo Hounarble.CM of Pondicheri for your clear stand on Hydrocarbaon project. My salute,3608,15163
8.35565E+17,2/25/2017 19:01,Students of TN. Way to go.  Maintain peace. You speak 4 farmers &amp; people of TN. See how elders are with you treating you as equals. Bravo,3579,13394
8.35556E+17,2/25/2017 18:23,Nature can supply for all our need but not for even one man's greedMohandas Karamchand Gandhi,2679,9382
8.35555E+17,2/25/2017 18:18,"Any corporate success story that begins with destroying nature &amp; the livelihood of the poor, in retrospection will be a bad plan.TN beware",3510,10601
8.35553E+17,2/25/2017 18:11,பூமியின் இயற்கை வளத்தையும் ஏழையர் வாழ்வாதாரத்தையும் குலைக்கும் எந்தத் திட்டமும் தற்போது பெருவருமானம் தரினும் பின்னர் பெரு நஷ்டமாகும்.,5830,16019
8.34709E+17,2/23/2017 10:17,அது புரிந்தவர்க்கான செய்தி. புரியாதோர் விலகி நின்று வேடிக்கை பாரும். வேலை முடிந்தபின் போற்றலாம் அல்லது புரிதலின்றித் வழக்கம்போல் தூற்றலாம்.,2171,8379
8.34698E+17,2/23/2017 9:33,சிறையில் சுதாகர் நலமாக உள்ளாரர் . விடுவிக்கும் முயற்ச்சியில் நமதியக்கத்தார் உறவினருடன் நானும்  பேசினேன். இந்நாடக ஆசிரியரே மனம் மாறினால் நலம்,1677,6578
8.34285E+17,2/22/2017 6:13,எக்கட்சி அரசேற்றாலும் நம் பணி போதுநலம் காப்பதே. இக்கூலியில்லா வேலையை நம் ஆயுளுள்வரை செய்வோம். அவர் பலமுறை வருவா் போவர்.நிரந்தரம் நம்நாடு',3443,11352
8.34283E+17,2/22/2017 6:04,நமதியக்கத்தார் சற்றதிகமாக கண்ணியம்  காக்கும் நேரமிது. அளந்து பேசவும் தொடர்ந்து பேசவும்.  அரசுகள்  மாறிமாறிவரினும் நம் கட்சியற்ற கொள்கைமாறாது,2269,7578
8.34279E+17,2/22/2017 5:49,TN ஜ.கட்டுப் போராட்டத்தில் எமதியக்கத்தின் சுதாகரும் சிலரும் நேற்று கைது இது எமதுபெருமையைக் கூட்டவும் அரசியல் வன்மத்தைக் காட்டவும் செய்கிறது,2226,7016
8.34275E+17,2/22/2017 5:34,இனி மக்கள் நீதி நாடுகாக்கும். நான் கீச்சிடாமல் அடிநாதத்துடன் அடக்கி வாசிக்கவே நினைத்தேன். ஆனால் எம்  இயக்கப் பொறுப்பாளரின் கைது பேசவைக்கிறது,3095,10033
8.33729E+17,2/20/2017 17:23,Whatsappல்  நீள் கவிதை என் பெயரில் உலாவருகிறது. தவறு செய்தால் ஒப்புக்கொள்வேன். அந்தத் தப்பு எனதல்ல.செயதவர் துணிந்து மன்னிப்புக் கேட்கவும்,2891,10411
8.33649E+17,2/20/2017 12:07,Wont retort with rudeness.His experience  exceeds mine in acidic political exchanges. He might like his meal boneless.I don't.Bon apitit sir,3018,11021
8.33647E+17,2/20/2017 11:59,I have1 bone of contention..Its good https://t.co/hkjuatVLrZ called Tamils porikis.Glad I wont have 2 oppose him People will.,2922,9315
8.32906E+17,2/18/2017 10:55,Rajbhavantamilnadu@gmail.com ங்கற விலாசத்துக்கு நம் மன உளைச்சலை மின் அஞ்சலாஅனுப்புங்க. மரியாதையா பேசணும்  அது அசம்பளியில்ல Governor வீடு,9850,20534
8.32893E+17,2/18/2017 10:02,"People of Tamizhnadu, Welcome your respective MLAs  with the respect they desrve back home",11259,23553
8.32892E+17,2/18/2017 9:57,There you go.  Seems like we have another CM. Jai de-mockcrazy,4648,12159
8.32883E+17,2/18/2017 9:24,I've seen MLAs of d then ADMK now Cong. walk away with  bunch of plucked microphones .The English TV anchors were too young 2 remember.We do,1563,5500
8.32874E+17,2/18/2017 8:47,Media'll have to use less hyperbole.We have seen worst things happen in TN assembly. .Why are lazy couch revolters (incld. I)so shocked now?,1484,4837
8.32873E+17,2/18/2017 8:40,Without consulting Mr.VeeramaNi ayya  Im emboldened to say DK will have to work for the people or not at all. It applies to all Dravidians,918,3676
8.32872E+17,2/18/2017 8:37,https://t.co/LMWuDYIaBbListen to him. Ppl. who hide behind constitution while they hide explosive truths will only implode it e.g. su..samy,1713,4148
8.32863E+17,2/18/2017 8:04,"Honrbl.Justice Markandey Katju has a wonderful solution for the political situation in India, but India's reputation for Ahinsa will change",1446,5440
8.32661E+17,2/17/2017 18:39,இன்று காண்போம் நரி பரியாகும் விந்தை. வெல்வது நல்ல மக்களின் மந்திரமா அந்தச் சொக்கனின் தந்திரமா பார்ப்போம்.,4243,12132
8.32623E+17,2/17/2017 16:10,உங்களை கலாய்ப்பேனா? We both abhore hyperbole.Objective or subjective.U know what I meant. Keep trolltooning. U wont be arrested. Hopefuly:),1324,5295
8.32593E+17,2/17/2017 14:09,@madhansway  Welcome to twitter. உங்க கார்டடூனைப்பத்தி புதுசா சொல்ல என்ன இருக்கு.  Intelligent.Twitter கலாசாரப்படி ஒன்னியும் பி,483,1549
8.32519E+17,2/17/2017 9:17,ரிஹானா டி.வி.யில் பாடும் குழந்தை சந்தோஷத்திலெனைக் கண்கலங்க வைக்கிறார். ஒரு தகப்பனாக இனிய flashback.6 வயது ஸ்ருதி நடிகர்திலகத்துடன்பாடியது.,1021,6043
8.32513E+17,2/17/2017 8:51,ஊடக விளம்பரம் தேடாமல் 30வருடங்கள் அமைதியாக நற்பணி செய்துவரும் எமதியக்கத்தை சந்தேகமோ பயமோ இன்றி வாழ்த்தியவர் இருவர் எம்.ஜி.ஆர். கலைஞர்.,2453,8355
8.32423E+17,2/17/2017 2:56,But bear with my team and me. Post will take 6months https://t.co/9nfF4bBdbj,732,3479
8.32422E+17,2/17/2017 2:49,4 all looking forward to VR2. Am personally getting in 2 clear the path. Bigger obstacles are out of the way. Whats left istechnical &amp; legal,1654,6070
8.32419E+17,2/17/2017 2:39,"For all the lovely digital art and love on twitter,Thank you . So much detail and work only love can do it. Love for art and hopefuly me.",551,3257
8.32265E+17,2/16/2017 16:25,@shrutihaasanGo digital baby. I know you got converted only the daybefore .Now see you'll never loose ur read.Another gadget's got it all:),332,2705
8.32086E+17,2/16/2017 4:33,"To get back to more sensible matters.Those who have'nt already read,Pls read,Yuval Noah Harare's  Sapiens.தமிழிலும்  வரவேண்டும்.""சேபியன்ஸ்""",958,4236
8.31911E+17,2/15/2017 16:59,"107 செயற்கை உறுப்பினரை ஏவியவரை விட,104 செயற்கைக் கோள்களை ஏவியவரே போற்றுதலுக்குரியவர்.வாழிய செந்தமிழ் வாழ்க நற்றமிழர் வாழியபாரத மணித்திருநாடு",3769,11786
8.31815E+17,2/15/2017 10:38,புரியும் தமிழில் பிழையின்றி,927,4415
8.31815E+17,2/15/2017 10:37,திருடனு கூவிகினு ஜனம்தெர்திச்சுன்னாஅவன் எஸ்கேப் ஆயிடனுமா வேனாவா? நின்னு நிதானமாங்கொம்மால கூப்டமார்ரிஞ்சு? அன்னான்னு வச்சிகோஜனமா நாயகமா?,4132,10441
8.31812E+17,2/15/2017 10:25,திருடன் எனக்கூவி ஜனக்கூட்டம்துரத்தையிலேகுதிபிடறிபட அவன் ஓடவல்லோ வோணடும்நின்று நிதானமாய் கூப்பிட்டது போலிருந்தது?என்றால்ஜனமாவது நாயகமாவது,2906,7504
8.31767E+17,2/15/2017 7:27,"When they call the roll in the Senate, the Senators do not know whether to answer 'Present' or 'Not Guilty'.Theodore Roosevelt",1206,4387
8.31763E+17,2/15/2017 7:12,"Corruption and hypocrisy ought not to be inevitable products of democracy, as they undoubtedly are todayMy (imitable)hero M.K.Gandhi",1118,3905
8.31373E+17,2/14/2017 5:21,பழைய பாட்டுத்தான் இருந்தாலும்...தப்பான ஆளு எதிலும் வெல்லும் ஏடா கூடம்..எப்போதும் இல்லை காலம் மாறும் ஞாயம் வெல்லும்..,6504,16650
8.31349E+17,2/14/2017 3:46,The Marina spirit  awaits judgement calmly. They've always respected civil order&amp; will maintain it. Courts have a duty &amp; so have the people,2005,7246
8.31157E+17,2/13/2017 15:05,நீதியில் நியாயமும் கலந்திருத்தல் வேண்டும்தீர்ப்பு வேறு தீர்வு வேறு. நாளை மற்றொரு நாளே.பொருத்தாரே பூமியாள்வர்.,4573,12379
8.3104E+17,2/13/2017 7:20,Remembering Balumahendra. Apart from friends Indian cinema misses you.  இன்று பாலுமகேந்திராவின் நினைவு நாள். இந்திய சினிமா உனை மறவாது தமிழா,1533,7485
8.31023E+17,2/13/2017 6:11,Power is of 2 kinds. One is obtained by the fear of punishment and the other by acts of love. Mr.Gandhi (My imitable hero).,2075,6692
8.29288E+17,2/8/2017 11:16,"My account isn't.hacked.Just coz I'm not saying expected things does""nt mean I'm bought or hacked. Agree to disagree.I like u, am my own man",2902,11185
8.29267E+17,2/8/2017 9:54,@ActorMadhavanplsTalk on crisis inTN.We have a voice with decible levels not conducive 2 bad politics U can also diagree.but do it loud pls,1207,4889
8.29265E+17,2/8/2017 9:45,"சத்யராஜ் பெரியார் பெரியார்னு வாய் கிழியப்பேசும் நாம,இந்த நேரத்துல ஒருdubsmashஆவது போட வேண்டாமா.? .நாம் முதலில் மனிதர் then only actors",2598,8809
8.29257E+17,2/8/2017 9:12,"Don't breakTN in2 a country. I promise, All India will fight 4TN in a civil war of Ahinsa.None might die but the ignorant will come alive",1648,5626
8.29253E+17,2/8/2017 8:56,பெற்ற சுதந்திரத்தை ஊழல் அரசியல்வாதிகளை வைத்துச் சூதாடி இழந்துவருகிறோம். குற்றம் சாட்டுவது விடித்து. நாம் குற்றமறக் கடமை செய்வோம். முடியுமா?,3670,9890
8.29252E+17,2/8/2017 8:52,We've wasted our freedom years gambling our fanchise on wrong&amp; corrupt politicians. Let's stop blaming them   Lets become  incorruptable.,2893,7925
8.29041E+17,2/7/2017 18:57,Go to sleep TN. They will wake up before us. Good night.,3667,12205
8.29035E+17,2/7/2017 18:33,7 th of februarya few years back made me understand how people's  love can make an artiste win against tyranny.  Was humbled &amp; stay that way,1952,6760
8.29034E+17,2/7/2017 18:26,I Was to meet His Excellency. Alexandre Ziegler but met @FranceinIndia a simple man. Went to thank him for the honour,606,2831
8.28241E+17,2/5/2017 13:55,பீலிபெய் சாகாடும் அச்சிறும் அப்பண்டஞ் சால மிகுத்துப் பெயின்.குறள்(பிழை நீக்கியது),3809,9953
8.27879E+17,2/4/2017 13:57,"@thenameisike Ike, glad to see your Sangilibungilikadavaithira is ready for the audience. All the best. Wish U and the team a grand success",251,1188
8.27529E+17,2/3/2017 14:49,Pls. understand my plea is 4 justice not 4 revenge. Revenge is mine it seems said a lord. I wont even grant him that. Dont repeat history.,853,3175
8.27523E+17,2/3/2017 14:25,Apologize for voicing my concern this late.,662,2998
8.27523E+17,2/3/2017 14:24,Justice4Nandhini a must. Kaavi(saffron) khadigreenwhite red or black does'nt matter. God is no reason for crime .. I am human 1st Indian 2nd,3464,7187
8.27519E+17,2/3/2017 14:08,All the very best @Sibi_Sathyaraj .Glad to see your Sathya also sports a beard. Rock on.,730,3844
8.27216E+17,2/2/2017 18:02,"விபத்தில் சிக்கியவர்க்கு உதவாமல்,வேடிக்கை பார்ப்பவரைச்சாடி வருடங்கட்குமுன் நான் எழுதியது     https://t.co/HUX4BYRvKW",741,2533
8.27008E+17,2/2/2017 4:18,மகுடேசுவரன் பொழிப்புரைக்கும் பாராடாடுக்கும் நன்றி. என் தமிழ் கல்விவழி வந்ததல்ல.செவி விழி மொழிவழி வந்தது.  நிறை தமிழுடைத்து குறை என்னிடத்து,1041,4256
8.25957E+17,1/30/2017 6:39,30 ஜனவரி.ஞாபகம் வருகிறதா? அவர் யாரென்று புரிகிறதா? https://t.co/f594hfH3lP,1253,4164
8.25058E+17,1/27/2017 19:10,Happy birthday Lady. Shruti. You've done well.  Remember it is just the beggining. Love youBapu,926,6336
8.25057E+17,1/27/2017 19:06,@ikamalhaasan,117,720
8.24999E+17,1/27/2017 15:13,கேள் தோழனேநண்பனே ஆசானேமூடபக்தனே.  உன்னுடன் நிற்கத்துணிந்த எனைஅரசியல் தலைவருடனா சேரச்சொல்வாய்? எப்பிழை செய்தேன் இவ்விகழ்வெனைச்சேர? நொந்தேனடா,2542,6863
8.24993E+17,1/27/2017 14:49,Means 2 an end .The means R the wealthy. The end is  2make the poor extinct. The populace are ready to afford it. How about my Government?,655,2503
8.24991E+17,1/27/2017 14:41,பொதுவுடமையை மதிக்காத அரசனோஅரசோ நிலையாமை உணராதோர். அது உணர்த்தப் படும்வரை காத்திராமல் ஆவன செய்க.  ஏளியோரின் ஜனநாயகத் தொண்டன் .அடியேன்கமல்.ஹா,2297,5926
8.24534E+17,1/26/2017 8:27,Salute twitterattis of peace. 2 rabble rousers:Happy republic day. Respect my nation and its people. Sare jahanse accha Hindustan hamara.,871,4310
8.24532E+17,1/26/2017 8:19,222 tweets are a lot of talk for a 1 year old.Glad it is a happy republic day. Strengthen this grand concept India. Work to deserve this day,647,3472
8.23917E+17,1/24/2017 15:32,போலீஸ் security cameraக்கள் கல்யாண மண்டபங்களிலும் மற்ற தனியார் நிருவனங்கலிலும்...செய்தி. TNபோலீஸ் state  ஆகிவிடுமோ? பரவாயில்லயா?சிந்திக்க,2037,5486
8.23898E+17,1/24/2017 14:20,"அமைதியொரு பூடகமான சொல்அமைதி அது பேசாதிருப்பதா, செயலற்றிருப்பதா?  தமிழில் எழதினாலும் நாட்டுக்கே பொருந்தும்.உலகுக்கும். வெல் தமிழா.  Well ..",2765,7357
8.23892E+17,1/24/2017 13:56,Decided not 2 answer samis insinuations.Take over T.porikkis u R in g8 company.Kamraj Anna Rajaji my father &amp; more  மோதி மதித்து விடு பாப்பா,3388,8745
8.23884E+17,1/24/2017 13:23,Hi Samy.AmTamilwallah. CM should have met his people. Politicians includ. MKG.  Ceasars humble  b4 people .why not CM.Tag it2him frnds.,4408,10780
8.23598E+17,1/23/2017 18:28,நன்றி கனம். நீதிபதிகளே. நீதியும்! சட்டமும்  தன்னை நிலை நிறுத்திக்கொண்டன. நீதியின் காவலர்க்கு புத்தியோ நீதியோ சொல்லப்போவது யார்?,4548,9504
8.23576E+17,1/23/2017 16:57,Incentive to vote might work but how  different is it from politicians gifting away to gain votes? Boy! I  am on a roll,1766,4930
8.23574E+17,1/23/2017 16:52,Compulsory drafting into the army? Would we accept it? If not then compelling to vote is ...well ..wrong.,1524,4214
8.23517E+17,1/23/2017 13:06,What is this.  Please explain some one https://t.co/MMpFXHSOVk,11937,15682
8.23494E+17,1/23/2017 11:34,Thanks Sri Sri ji 4 explaining 2 those unaware of tradition. I sing my national Anthem in Bengali. Unity in diversity needs understanding,1752,4757
8.2348E+17,1/23/2017 10:39,Its ur choice Aninsa or Direct action. Im for peace .B warned not only Tamilians humans r prone 2 violence. Think politicians &amp; people I beg,1059,2967
8.23471E+17,1/23/2017 10:01,My request to the police minister.Stop harrassing peacful protesters of TN and Marina.Let the CM offer solutions arrived upon @ the assembly,2539,6242
8.23465E+17,1/23/2017 9:40,Have informed our Honrbl.PM through the best of my connections. The Honrbl. Justice seekers will have to maintain peace,1976,5475
8.23464E+17,1/23/2017 9:35,Spoke to the Honrbl.CM of TN.  The looming question has been asked of him.  He will answer soon. They're eager to  satisfy you.  Stay calm,3345,7173
8.2346E+17,1/23/2017 9:17,"A looming question. When the students were calmly waiting to see what decision the assembly takes , Why preempt  with police action ?",2418,4561
8.23458E+17,1/23/2017 9:09,வீரத்தின் உச்சகட்டமே அஹிம்ஸை. அறவழிப் போராளிகள் ரத்தக் காயம் படுவது இதுவரை நிகழாததல்ல. அமைதி காக்கும் கடமை உமது. வெகுளாதிருத்தலே விவேகம்.,2173,4796
8.23456E+17,1/23/2017 9:04,இதுவரை பொதுச்சொத்திற்க்கு எச்சேதமுமில்லாமல் நடந்த இப்போராட்டம்  அமைதி  இழக்கக்கூடாது. இந்தியாவின் மூத்த தலைமை ஆவன செய்ய வேண்டும்.  செய்யும்.,1299,3129
8.23451E+17,1/23/2017 8:43,None can take away your rights. Pls. stay calm. The highest office in the country is watching &amp; will talk in your favour soon. Maintain calm,1927,4807
8.23436E+17,1/23/2017 7:43,வன்முறை பயன்தராது. இதுவரை காத்த அறத்தை கைவிடாதீர். வன்முறை செய்வது மாணவர்களாக இருக்கக் கூடாது. மக்களாக இருக்கக் கூடாது.,2550,5667
8.23419E+17,1/23/2017 6:36,அலங்காரநல்லூரை அலங்கோலமாக்கிய வன்முறை தமிழக  அறபோராட்டச் சரித்திரத்தில் பெரிய ரத்தக்கரை.,2927,5448
8.23407E+17,1/23/2017 5:48,This is a mistake.  Aggressive police action on students passive resistance will not bear good results.,4142,8719
8.23377E+17,1/23/2017 3:48,யார் ஒருவர் கண்ணியம் தவறினாலும் அது சங்கமித்திருக்கும் அனைவரையும் பாதிக்கும். வாழ்த்துக்கள் விமர்சனமாகாதிருக்க விரசக் கேலிகளை தவிர்க்கவும்,1920,4140
8.23162E+17,1/22/2017 13:34,அமேரிக்க சோடா கம்பேனிகள் ஜல்லிகட்டு sponsors ஆக வாய்ப்புண்டு. எச்சரிக்கை,4261,9187
8.23161E+17,1/22/2017 13:30,American areated drink makers might be tempted to sponser jallikattu.  Beware,1861,4513
8.23152E+17,1/22/2017 12:54,People at long last are getting a taste of true democracy. Gone are the days of leaders. We need humble pathfinders &amp; social reformers,2177,5671
8.2315E+17,1/22/2017 12:46,PETA go  ban bull riding rodeos in Mr.Trump's U.S. You're not qualified to tackle our bulls.  Empires have been made to quit India.,6377,13413
8.23114E+17,1/22/2017 10:22,Thank you very much  Rama rao ji. It will hearten the students who have truly become examples of a democratic nation @jallikattu @KTRTRS,719,3085
8.22674E+17,1/21/2017 5:15,நான் TV செய்தியை பார்ப்பது உங்களைப் பார்க்கத்தான். பனித்த கண்களுடன் நான் பார்பது மாணவர்கூட்டமல்ல நவ நல்லாசிரியர் கூட்டம். வணங்குகிறேன்,3480,10111
8.22673E+17,1/21/2017 5:11,I watch news just to watch my people gathered all around TN. Moved 2 tears. Thanks. Youre no more students you are now teachers. I am a fan,4885,14186
8.22672E+17,1/21/2017 5:06,This movement is of the people . I still feel celebreties should only support and not steal the show.,2740,8136
8.2267E+17,1/21/2017 5:01,Remember each party has a TV channel in TN to bias news . Glean your wisdom from eachother and the web. Keep  nonviolence intact.Youll win,2681,6324
8.22669E+17,1/21/2017 4:55,The manifesto for civil disobedience movement was drafted in Madras1930  Again it is successfully enacted in Tamilnadu 2017 .,1723,4767
8.22659E+17,1/21/2017 4:14,The world is watching us. Tamils are making India proud. Keep your tenacity of purpose. We  have become women and men of the moment.,3870,10966
8.22497E+17,1/20/2017 17:30,ராட்டையை சின்னமாக்கி முன்பு ஒரு அறப்போராட்டம் வென்றது. இன்று மாட்டைச் சின்னமாக்கி நடக்கும் அறப்போராட்டமமும் வெல்லும்.  ஊக்கமது கைவிடேல்.,4735,12179
8.22493E+17,1/20/2017 17:16,Bravo. People of Tamilnadu. This agitation is a sample of our discontent. No more band-aids. Heal the wounds. We have been hurt enough. Act,3718,10599
8.20238E+17,1/14/2017 11:55,தம்பி கவுதமன் நடத்துவது போராட்டம். புரிந்தும் துணிந்தும் செய்த செயல் சட்டம்ஒழுங்கு  குலையாமலது சிறக்கட்டும். மற்றபடி கண்ணியம் காப்பது கடமை,1247,4259
8.20221E+17,1/14/2017 10:48,My support is always for decency. Let individuals be . Dont weaken our case by slandering. Leave small people alone fight decesion makers.,1253,5224
8.20211E+17,1/14/2017 10:09,Pls stop hurting  MsTrisha.அவர்க்கும் நமக்குமுள வேற்றுமை ஊரறியட்டும் கன்னியும் வாழ நம் காளையும் வாழ வழி செய்வோம். தர்க்கம் தொடர்க நேசத்துடன்,1639,6367
8.20206E+17,1/14/2017 9:47,A தமிழ் poem I wrote 12years back still makes sense and equally agitates me.  Glad to present it at an opportune mo… https://t.co/tDTw1OWMSQ,2286,5397
8.20091E+17,1/14/2017 2:11,பொங்கல் வாழ்த்துக்கள். Pongal wishes to 1 &amp; all. Seek Unity with all our diversity. வாழிய செந்தமிழ் வாழ்கநற்றமிழர்.வாழிய பாரத மணித்திருநாடு,1461,4795
8.17975E+17,1/8/2017 6:04,@imKBRshanthnu   The learning was mutual. I always remenber your dad as a strong yet silent presence.,262,1062
8.17714E+17,1/7/2017 12:48,The vaithiyar from 16 vayadinilay has come a long way.  You are treading a glorious path. Wish you a long walk Rajan  alias Mr. K.Bhagyaraj,658,3970
8.17611E+17,1/7/2017 5:58,Happy birthyday Sarojadevi amma. Take care and be happy as you always manage to be. Will visit you soon.,420,2993
8.17281E+17,1/6/2017 8:04,My sister-in-law Mrs. Chandrahasan's funeral today. Thanks to all those who came to console us and friends who helped.,326,2374
8.17227E+17,1/6/2017 4:31,So long Omji. Prided myself on being his friend peer &amp; admirer. Who dare say my  Om Puri is no more ? He  lives through his work.,1121,4401
8.16268E+17,1/3/2017 12:58,"I also support handloom weavers. Have grown seeing my father wear nothing but handloom clothes, through his life@KTRTRS",762,3825
8.14856E+17,12/30/2016 15:30,A happy new year to all who try to make it so. Happiness will find you. Please be reachable. Love you all https://t.co/X8QXy8wIGD,2269,10291
8.08211E+17,12/12/2016 7:26,Non fighters are't cowardsKnown soldiers know no valourTo die or to live is neither more nor less,738,3129
8.08211E+17,12/12/2016 7:24,New soldiers know no battleOld soldiers won't combat,630,2029
8.08204E+17,12/12/2016 6:56,பதியது உமக்காககளம்புகுந்தோர் களமறியார்களமறிந்தோர்  களமிறங்கார்களமிறங்கார் கோழையலர்களத்திரந்தோர் வீரரலர்பிறந்தழிதல் பிழையுமலநிறையுமல,2438,5503
8.07788E+17,12/11/2016 3:25,எத்தனை பேரை எழுதவைத்தான் நம் பாரதி! அத்தனை கோடி நன்றி அவ்வாசானுக்கு. முன்னோர் தமிழை என்வரை கொண்டு சேர்த்தமைக்காகவும் கூட.,2750,8228
8.06372E+17,12/7/2016 5:35,Another icon leaves us. Deepest condolences to the family and fans.,950,4188
8.06031E+17,12/6/2016 7:01,சார்ந்தோர் அனைவருக்கும் ஆழ்ந்த அனுதாபங்கள்.,8075,11239
8.01344E+17,11/23/2016 8:39,World cinema mourns great loss  Abbas Kiarostami passes.  He had to make his last 2 films outside Iran. Death be not proud You 2 Iran Govt.,585,2955
8.01042E+17,11/22/2016 12:39,81 yrs Mahaguru Dr. Balamurali enthralled millions with music.Thanks 2 technology even death cant silence his voice.Pranam guruji &amp; goodbye,1808,6815
7.98455E+17,11/15/2016 9:19,@AJEnglish,54,276
7.97449E+17,11/12/2016 14:39,Wishing you the very best @dusshyanth for your @MKMP The Movie. Happy to have a little part in  it.,345,2282
7.96701E+17,11/10/2016 13:08,#OneYearOfThoongaavanam  &amp; Cheekati raajyam. Anniversary wishes to my team. We will be back.,634,3236
7.96196E+17,11/9/2016 3:42,Salute Mr. Modi. This move has to be celebrated across political party lines. Most importantly by earnest tax payers.,4977,11866
7.95843E+17,11/8/2016 4:20,அன்பு ரசிகர்கட்கும் மனமுவந்து வாழ்த்திய சக கலைஞர்கட்கும் மேலும் நன்றிக்கடன் பட்டேன். எதிர்பார்ப்புகளை ஈடுகட்ட  என் கலை வாழ்வு நீள வேண்டும்.,971,3525
7.9584E+17,11/8/2016 4:07,Humbled by your love. Hope to live up to expectations. Thanks to admirers and artistes in their own right who celebrated me. love you all.,960,4416
7.93753E+17,11/2/2016 9:52,இத்தருணத்த்தில் என் பெயரால்  யாரோ அறிக்கை விட்டு விளையாடுவது  விவேகமற்ற அநாகரீகச் செயல். நான் இச்சமயம் அறிக்கை ஏதும் வெளியிடுவதாய் இல்லை.,1048,2823
7.93644E+17,11/2/2016 2:41,Many more happy returns of the day Shahrukh bhai.Love Kamal Haasan,2040,5029
7.93296E+17,11/1/2016 3:39,Not surprising. Mohan got an  award from Governor of Maryland Washington for humour poetry &amp; paintings. Congrats . Stay crazy Mr. Mohan,951,4323
7.92343E+17,10/29/2016 12:31,With Shruti. Seasons greetings to all those whom we love and those who reciprocate.  Love  S.H. &amp; K.H. https://t.co/2cNVOxfXQZ,886,5994
7.90164E+17,10/23/2016 12:14,"நற்பணி இயக்கத் தோழர்கட்கோரரிக்கை. தமிழக முதல்வரின் உடல்நலம் இவ்வாறிருக்க, என் பிறந்தநாள் விழாக்களைத் கண்டிப்பாய்த் தவிர்க்க வேணடுகிறேன்.",684,1985
7.90049E+17,10/23/2016 4:36,நம் நற்பணி இயக்கச்செடியின் நறுமலர் ஒன்று இன்று காலை உதிர்ந்தது. மத்திய சென்னை திரு.ரமேஷ்  குடும்பத்தாருக்கு ஆழ்ந்த அனுதாபங்கள்.,401,1262
7.90024E+17,10/23/2016 2:58,நாயகனுக்கும் குருதிப்புனலுக்கும் எனக்கும் ஆயுளைக் கூட்டிய ரசிகர்கள் அனைவர்க்கும் நன்றி.  இத்தகை ரசனைக்கு விருந்தோம்ப ஆனவரை முயல்கிறேன்.,950,2671
7.9002E+17,10/23/2016 2:40,Touched by admirers remembering Nayakan &amp;  Kurithippunal. Hoping to make you  happy in future. Applause gives my life and art more meaning,1148,4364
7.87661E+17,10/16/2016 14:26,Loved her will and attitude. Always have. Way to go lady.Love Bapu,539,3139
7.87659E+17,10/16/2016 14:19,RT @shrutihaasan: And here's something special for you my lovely tweeple #speak #btb #expressyourself  https://t.co/oExHtfxnIt,1392,0
7.79295E+17,9/23/2016 12:22,Wishing the hounarable CM of Tamilnadu a speedy recovery.,813,3456
7.7877E+17,9/22/2016 1:35,Worldwide release 23Sep. Griff Furst is in Magnificient 7. He's 1 of us . Team Sabhash Kundu &amp; Naidu wishes him the best.  Go Rock'em Griff,353,1613
7.78417E+17,9/21/2016 2:12,RT @Shailja: #FallAndRise Part III of a multi series blog by @ikamalhaasan https://t.co/RcZLxQqb0t,121,0
7.76038E+17,9/14/2016 12:40,பிழைக்கு மன்னிக்க. கண்ணாடியில் என்றிருத்தல் வேண்டும்.,500,1605
7.76032E+17,9/14/2016 12:17,நாம் மொழியற்ற குரங்குகளாயிருந்த போதும் காவிரி ஓடியது.நமக்குப் பின்னும் அது ஓடும்.  சரித்திரக்கமண்ணாடியில் முகம் பாரத்து வெட்க வேண்டி வரும்,2053,4185
7.755E+17,9/13/2016 1:01,@metmuseum,53,214
7.74806E+17,9/11/2016 3:06,Doctors say I am fit to work from Nov possibly. All that love does heal faster. Thanks folks. I'll  return that love via Naidu/Kundu &amp; more,1053,4663
7.7402E+17,9/8/2016 23:03,RT @Shailja: #FallAndRise Part II of a multi series blog by @ikamalhaasan Haasan https://t.co/q8VCKvNLRD https://t.co/pRrqHsjXLD,183,0
7.71573E+17,9/2/2016 4:59,"RT @Shailja: #FallAndRise As promised..here it is, a detailed note by @ikamalhaasan for all the people who care about him. https://t.co/q8V…",190,0
7.71565E+17,9/2/2016 4:28,@ikamalhaasan Writing a blog. A blog to begin with in say 1 mt¿ or so.Not seeking dialogue just a mirror on my idea wall.Narscism? Who cares,281,1046
7.69971E+17,8/28/2016 18:52,Later will share the near miss I had  My story has to be told. Can't finish with a fall. Thanks to doctors well wishers and physiotherapy,381,1689
7.69969E+17,8/28/2016 18:45,Started paper work again on Kundu/ Naidu walking now ready to run show again mind is flying  gaining altitude. Good enough a progression.,515,2259
7.67916E+17,8/23/2016 2:47,Indian scholars have received 2 Chevaliers and don't advertise it. Between humility &amp; fame silly me chose latter. Thank you friends and fans,1416,4597
7.64725E+17,8/14/2016 7:27,Miss you my friend. Thanks for the words you left behind in print. Hope you enjoyed life half as much as we are going to enjoy your poems,946,2446
7.64724E+17,8/14/2016 7:23,Na Muthukumar died at 41.  An important Tamil poet who also wrote for cinema. If  he lived a little he'd have made the above intro redundant,1544,3327
7.64723E+17,8/14/2016 7:18,நியாயமில்லை. 41 சாகும் வயதில்லை ந.முத்துக்குமார் மிக மெதுவாய்ச் செய்த தன் நனலம்பேணாத் தற்கொலையால் கோபமே. எனினுமவர் கவிக்கும் நட்பிற்கு நன்றி,1798,3195
7.64388E+17,8/13/2016 9:09,Stitches off. Hobbling up to the gym past 2 days. Physio at full swing . Thank you all who persisted &amp; insisted on my getting better  soon,767,3031
7.60426E+17,8/2/2016 10:43,. ரசிகர்களுடனும் நண்பர்களுடனும்  பகிர ஓர் நற்செய்தி. இன்று எழுந்து நடந்தேன். காந்தியார்  போல தோள் தாங்க இருவருடன்தான் என்றாலும்  முன்னேற்றம்,1026,3156
7.60423E+17,8/2/2016 10:33,Was up on my feet. A small spin around the room. Of course with two to assist on either side like Gandhiji;). Today was less painful.,616,2557
7.54302E+17,7/16/2016 13:09,"Hi Shruti Akshara Subbu Nalini. My daughters and sisters nothing to worry except, they allow only cetain charechtors on twitter. Love youall",528,2052
7.54295E+17,7/16/2016 12:41,"Dear Gautami and Chandra Anna,Instead of being of help am a nuisance. Hopefully will make up for it. Love you both.You know who?",357,1435
7.51284E+17,7/8/2016 5:16,42+ minutes edited length in each language. + 1 song with Shruti completed.  Looking good.  Kundu and Naidu have a life of their own.,679,2523
7.47553E+17,6/27/2016 22:12,Wishing all the very best for KriArj entertainment for their Rustom trailer and the eventual success,436,1128
7.475E+17,6/27/2016 18:39,"Proud to be a Burman fan.Rarely does a son make a talented father proud. RD  was that rare son, not only of SD da but Indian music world",48,1151
7.47125E+17,6/26/2016 17:48,Wrap party for @KunduNaiduRaw in LA @shrutihaasan @AksharaHaasan1 https://t.co/0oG3vlfgMr,502,2392
7.46105E+17,6/23/2016 22:17,"Cool shirt system without which Kundu &amp; Naidu would have melted, sum days the Mercury crossed 105 deg @KunduNaiduRaw https://t.co/qPWhfHrbUA",306,1283
7.44315E+17,6/18/2016 23:45,Just visiting the LAtheatre . Was shooting nearby for @KunduNaiduRaw with @shrutihaasan https://t.co/Qd1F0crR7H,734,3146
7.4431E+17,6/18/2016 23:24,My deepest condolences to Mr. JPR'S family. Students will miss a great educationalist &amp; many like me will miss a good friend &amp; a well wisher,279,1006
7.4198E+17,6/12/2016 13:05,This is the kind of love dancers showed me when I was a16 year old nobodyI guess artists bond similarly universally. https://t.co/bR5A5xA0sS,374,1491
7.41056E+17,6/9/2016 23:53,I am directing the dance as Rajeev is unwell. Hope he gets well soon @shrutihaasan @KunduNaiduRaw https://t.co/jsJhMXoFTE,492,2298
7.39978E+17,6/7/2016 0:31,First day's shooting going smoothly for the two Naidus and one Kundu. Great dancers great crew. https://t.co/UldyZn32rv,595,2191
7.34861E+17,5/23/2016 21:37,Off to LA with 3 bound scripts. US team awaits with sighs of relief. Anymore delay would have ruined all plans. All is well ..for now ;-),408,1584
7.34354E+17,5/22/2016 12:04,Day 2   7 hours of reading and still smiling. Thanks to Naidu &amp; Kundu They never let the smile slip from our faces https://t.co/U8xcqnaJDS,506,2689
7.34354E+17,5/22/2016 12:01,Frog prints and my princess https://t.co/3iwSvHga3e,430,1978
7.34217E+17,5/22/2016 2:59,2nd reading of Sabhash Kundu . Saurabhji reads to Director Dop ADs Shruti and I. Our smiles will translate to laughs https://t.co/9oN4SHy4yJ,685,2992
7.30037E+17,5/10/2016 14:09,ஃபிலிபைன்ஸில் மேடைவிவேகமில்லாத  கட்டப் பஞ்சாயத்துக்காரரைத்தான் Presidentஆக்கியிருக்கின்றனர் அடுத்து USA.. தமிழகமும் உலகோடொத்துபோய்விடுமோ?,2815,3008
7.29964E+17,5/10/2016 9:18,"RT @AJEnglish: ""Like the Arab Spring, we are going to start insurrection all over the place. Ethiopia is now boiling"" https://t.co/QGJg3YcA…",151,0
7.29515E+17,5/9/2016 3:35,Salute Maria T Asplund for standing against a marching Neo-Nazi stream. Though she did it in anger. Collective common anger will win finally,270,984
7.29155E+17,5/8/2016 3:46,@karthickapp @shrutihaasan Her  hair was to make her beautiful . She now wants to beautify others. Inside her head resides true beauty,203,417
7.28597E+17,5/6/2016 14:47,Working with Raja fun as ever. Ready to trod the untrodden. Looking forward to that date. When TN meets LA District 78 of LA,424,1341
7.2852E+17,5/6/2016 9:39,@ActorMadhavan @YouTube,66,285
7.28519E+17,5/6/2016 9:39,@aflalnirooza @ActorMadhavan @top10cinema @actor_jayamravi @tamannaahspeaks,39,162
7.26085E+17,4/29/2016 16:24,@ActorMadhavan Thanks a lot. We should make more tri-linguals. With national stars. That's an opportunity all should grab 😜😊,223,728
7.25912E+17,4/29/2016 4:59,Here's the action poster from Chennai for my Web family. More details on poster! #KunduNaiduRAW https://t.co/S6H1PU51kp,380,919
7.25902E+17,4/29/2016 4:17,RT @KunduNaiduRaw: #KunduNaiduRAW Telugu Motion Poster  https://t.co/ZR30gKes9t  https://t.co/cvwrOqgbdc,209,0
7.259E+17,4/29/2016 4:10,RT @KunduNaiduRaw: #KunduNaiduRAW Tamil Motion Poster https://t.co/qPzn8MXtfc Visit  https://t.co/cvwrOqgbdc,264,0
7.25899E+17,4/29/2016 4:04,RT @KunduNaiduRaw: Hindi Motion Poster - #ShabaashKundu https://t.co/cvwrOqgbdc https://t.co/QjBtkfRRdb,177,0
7.25897E+17,4/29/2016 3:59,RT @KunduNaiduRaw: @ikamalhaasan introducing the Movie Names - https://t.co/AxP3UzLko8,214,0
7.25893E+17,4/29/2016 3:44,RT @KunduNaiduRaw: #NaiduKunduRAW... Here I Come! https://t.co/EKc7dcEd8a,173,0
7.25887E+17,4/29/2016 3:19,The show is on,173,570
7.25887E+17,4/29/2016 3:18,https://t.co/2PJhsR0hVw,197,638
7.25726E+17,4/28/2016 16:39,Invited my friend Mr.Rajni today. He will try to be there. My brother Illayaraja will be there and  most of my Actors family frm Actorssangh,921,2255
7.25642E+17,4/28/2016 11:05,You are all invited on 29th April at 8.30 AM (IST) for a LIVE announcement of my upcoming project on UlaganayganTube https://t.co/TrTE2XhQ4k,707,1709
7.24846E+17,4/26/2016 6:23,Inaugural  function of RaajKamal productions in HindiTamil &amp; Telugu going live on respective language channels&amp; also  Ulaganayagan tube,436,1248
7.23896E+17,4/23/2016 15:25,I found a simple and exciting title for my new  trilingual MI  moving images.The Hindi title came from Saurabhji .The Tamizh from illayaraja,531,1416
7.23537E+17,4/22/2016 15:39,புவியரசு அவர் துணைவியார்க்கு  ஆழ்ந்த அனுதாபங்கள். அவர் தனயன் விட்டுச்சென்ற இடத்தை நிரப்பும் என் விண்ணப்பத்தை அவர் தயைகூர்ந்து ஏற்பராக.,188,598
7.23516E+17,4/22/2016 14:15,My friend my elder poet Puviarasu's son died. I asked him to give that vacant position 2 me . It was heart rending to talk to the parents.,260,849
7.22716E+17,4/20/2016 9:18,Shruti and I will always be open to learn good things from others. I learn certain things from Shruti.  She's  more humble than I at her age,425,1496
7.22715E+17,4/20/2016 9:16,Words are interpreted to suite agendas. My praise for our boy Vikramprabhu's humility need not be taken as my euphemistic advice to Shruti.,287,923
7.22702E+17,4/20/2016 8:23,@krpooranan @ActorMadhavan,36,136
7.20653E+17,4/14/2016 16:42,29th instant. 41st production of RKFI will be unveiled at Nadigar sangam grounds.Resowing the sense of family.on my land. Thanks to sangam,448,1254
7.19735E+17,4/12/2016 3:51,@ActorMadhavan Thank you Madhavan. All the best for part 2. Starting mine with Shruit on 29th Would you be in Chennai by any chance?,158,579
7.17722E+17,4/6/2016 14:33,Thanks இ.ரா. For posting திரு. ஞானக்கூத்தனின் கவிதை. நானே செய்திருக்க வேண்டும்.,188,646
7.177E+17,4/6/2016 13:08,And thank you Khushbu for your fond words. Sorry was writing for next film . Hence had my head buried amidst my dialogues like an ostrich.,251,968
7.17698E+17,4/6/2016 12:57,Belated Congrats to our welfare assn. Members for the blood donation  camp in Malaysia.. Mr. Thangavel  promptly sent me the pictures.,257,885
7.17696E+17,4/6/2016 12:52,பேட்டி ஒன்றில்திரு.கண்ணதாசனைப் பற்றி பேசும்போது கண்கலங்கிப்போனேன். பாரதியைப் புகழும்போதெல்லாம் ஞானக்கூத்தன் கண்பனிப்பது ஏனென்று புரிந்தது,363,939
7.17682E+17,4/6/2016 11:54,My Nadigar sangam interview 4 SunTV was emotional. Was surprised My eyes misted up talking about Tamil cinema greats. Fortunate describes me,471,1411
7.15263E+17,3/30/2016 19:44,Received the Henri Langloise award in Paris . Wish Ananthu sir my guru had been alive to hear this. Heard of Langloise only through him,991,2823
7.13839E+17,3/26/2016 21:23,LIVE on #Periscope: Live at the @metmuseum in conversation w/ @sree #IndiaAtTheMet https://t.co/qtuRfpktkv,189,493
7.13797E+17,3/26/2016 18:39,Looking forward to the chat  https://t.co/XeMaSXFTOD,152,516
7.13613E+17,3/26/2016 6:24,Glad I accepted to speak at the Wharton India eco forum @WIEF16. Doubly so after meeting some of the faculty &amp; eager organisers. Looking fwd,283,999
7.13375E+17,3/25/2016 14:41,RT @BizRadio111: Now on @whartonknows: Actor @ikamalhaasan &amp; @MPandya on the #Indian #film industry &amp; Haasan's prolific career in #Bollywoo…,116,0
7.12835E+17,3/24/2016 2:55,"Filmnews Aandan is no more . His collection of  70 years of Tamil cinema's pictorial history is also no more I heard  If true, I'm appalled.",316,942
7.12835E+17,3/24/2016 2:55,100வயது  சினிமாவுடன் 57வருடங்கள் வாழ்க்கைநடத்திய நடிகனாகஆனந்தன் மறைவிற்கு கண்கலங்கஅனுதாபங்கள். நன்றிக் கடன்பட்டது தமிழ்சினிமா. நானும்தான்,401,1033
7.10569E+17,3/17/2016 20:49,Going 2 Wharton university. My family would have been much happier if I had said this 40yrs back. Better late than never I guess😎😊,924,2968
7.10183E+17,3/16/2016 19:17,@nisha_tharmar .,60,176
7.10148E+17,3/16/2016 16:58,Look her guys and gals I would love 2 communicate with all of you. I am picking random . I might be wrong&amp; might have missed d most inneed8,346,1202
7.10147E+17,3/16/2016 16:55,@ashwin23_kDont expect to be pampered . You can do it yourself. These kind of lows  are bad. So wake up,162,526
7.10145E+17,3/16/2016 16:46,@naveenyuva6 @Suriya_offl @Anjaanvinoth Sorry beg to differ . Never agreed to be there.  Am out of the country on that date. Sorry mate,116,288
7.09898E+17,3/16/2016 0:24,https://t.co/KmPAUzjaCw Mountain view from ground level @googletalks @aparnacd @googlecardboard @YouTube https://t.co/38XgmuUsh1,235,647
7.09613E+17,3/15/2016 5:33,@thesushmitasen Tell me when you are free. Have some films to show you. Going to Wharton to speak.Say April 1st week?நன்றி,114,317
7.08659E+17,3/12/2016 14:19,MR.SivajiGanesan has a strong  fan club even posthumously. Whole day his sons reminicised Sivaji sir including the adopted 1 me.,472,1421
7.08368E+17,3/11/2016 19:04,Or.. Grilled bear anyone ? https://t.co/XyuT18FDLL,280,1082
7.08349E+17,3/11/2016 17:48,Bear with us. We are #nypd ! https://t.co/6AeHZy8k4V,465,1231
7.0813E+17,3/11/2016 3:20,@thesushmitasen vaNaklam. Get well soon. You know what to do. Your TamiZh teacher from the past,118,371
7.07271E+17,3/8/2016 18:26,@AppleMusic @shrutihaasan @EhsaanNoorani @loy_mendonsa,109,352
7.07264E+17,3/8/2016 17:58,@shrutihaasan love this girl. Glad she is mineKamal Haasan,290,987
7.07248E+17,3/8/2016 16:53,Love you all  . I read all of you but I also have a job I love. 4give my absence but I am present &amp;watching when can  Take carecleverpeople,449,1514
7.07246E+17,3/8/2016 16:45,"@IamMkr_ thanks for remembering. Thanks,all my clear headed friends for finding the tolerable parts in me  Even I am searching . Tks 4 help",158,295
7.06886E+17,3/7/2016 16:55,Jai hind . Jai religion less art,306,888
7.06886E+17,3/7/2016 16:54,https://t.co/jF8tw5fekg Isai gyani and Kalai rasigan . I believe without rasigan without listeners there is no performance.,412,1037
7.06704E+17,3/7/2016 4:50,Chandra Anna turned 80 yesterday. All in RKFI and those who celebrate it pls celebrate the work he put into live healthy all these yrs,245,904
7.06703E+17,3/7/2016 4:47,Thanks 2 P.K.Nair saab as a film buff. 12000 films for us is the wealth he leaves behind. His work will be continued by those he inspired,186,574
7.06702E+17,3/7/2016 4:44,Sad about my friend Kalabhavanam Mani. One more of My Malayalee brothers dying of cirrhosis. He had more talent than time.,764,1558
7.05439E+17,3/3/2016 17:04,My recent omelettes are looking serious . Must make them smile again.   I should tickle them more  than beat them 😊😎 https://t.co/Q8Ix41nCNn,613,2214
7.04671E+17,3/1/2016 14:14,@AksharaHaasan1 @TanujVirwani Wow! AH looks good. Rock on AH and TV,115,358
7.04334E+17,2/29/2016 15:54,"Kudos to the president of Nigeria for trying to root out corruption . Sir if you are for real , keep up the vigil.  World is watching .",477,1384
7.04148E+17,2/29/2016 3:37,Well not this time Tom. Rylance in Bridge of spies was good too . You though will come back again.So next time or the next after that Chhers,361,929
7.04137E+17,2/29/2016 2:52,Priyanka looks confident &amp; lovely.The top of my favourite actors list has Tom Hardy's name on it. Keep rocking Tom,536,1296
7.04137E+17,2/29/2016 2:52,The first award in the bag for cinematography. My favorite 2 films Revenant &amp;Madmax(in that order) r reigning Oscars for the right reasons.,535,1329
7.03648E+17,2/27/2016 18:27,With my Isayin Gyaani. Wow! Nostalgia pride and pleasure .My elder brother SPB is singing .Proud of my brothers https://t.co/NezfhjKnYr,795,2220
7.03632E+17,2/27/2016 17:27,With my Isayin Raja. Elder brother SPB singing in front of us. Wow! Pride nostalgia pleasure. https://t.co/FmUmDBXOYF,937,2456
7.03529E+17,2/27/2016 10:36,Thriller fiction writer would be only describing one contour of his versatile writing . Appreciating him in Tamil with typos;)ஆராயாதேஅனுபவி,390,918
7.03527E+17,2/27/2016 10:28,Pardon. I was praising my late friend writer scientist humorist Sujatha . Writes under his wife's name . He nudged me towards writing.,320,859
7.03523E+17,2/27/2016 10:13,என்னை எழுதத் தூண்டிய பல ஆசான்களில் சுஜாதாவும் ஒருவர். இவர் பன்முகம் கொண்டவர் பொறாமையரியாதவர். பெரிய ரசிகர் அதனாலும் கூடப் பேரியவர்.,636,1364
7.03521E+17,2/27/2016 10:02,வடுவூராருக்குப் பிறகு தமிழ் தகில் கதைகளை உலக தரத்திற்க்கே உயர்த்திய சுஜாதா.இது ஒண்ணும் கம்ப சூத்திரமல்ல எழுது எனப்  பலரையும் ஊக்குவித்தவர்,568,1046
7.03408E+17,2/27/2016 2:35,FYI PTP Trust endeavors to serve  many thousand children who are HIV + . I'm a proud father to all of them Petraaldaan pillaya?,585,1426
7.03406E+17,2/27/2016 2:25,Many of my children are going to write their exams soon.  Do well my babies. Thanks to science and those who helped us. Petraaldaan pillaya?,940,2270
7.02886E+17,2/25/2016 16:02,Yesterday you were willing to die for the country with no expectations. What happened in the meanwhile ? Politicians I guess.,615,1283
7.02886E+17,2/25/2016 15:59,I'm not shocked but truly confused by people who will deny water due to others to seek a quota from the government?,486,1005
7.0288E+17,2/25/2016 15:35,25 years back I decided todo 1 film@a time Nothing has changed since A smiley is appropriate I guess?  Jet engines don't need a push .thanks,451,1189
7.00498E+17,2/19/2016 1:53,The happier note to making of Hey Ram came from Ilayaraja who rescued the music of Hey Ram from wrong hands. A case study in film scoring.,825,1738
7.00497E+17,2/19/2016 1:47,For those who have no clue what I am lamenting. The film was Hey Ram and Mr. Ghokle's died after completing 90 percent of his work. Loved MG,379,1105
7.00496E+17,2/19/2016 1:44,One day I wish to showcase late Mohan Ghokle's performance for all to see. A day before he died I told him he might win awards for his role,340,855
7.00496E+17,2/19/2016 1:42,"MohanGhokale .After sculpting  Abhyankar beyond my expectation  died. I Reshot with Atul K,who won the notional award..Thanks to Mrs.Ghokle",324,824
7.00295E+17,2/18/2016 12:24,Touched by Hey Ram fans celebrating 16yrs. Remember all who made it possible. Especially Shah Rukh Khan and Bharat Shah.,1845,2994
6.99062E+17,2/15/2016 2:46,All  Haasan boys except. Mr. Charuhasan. RtoL .Chandrahasan Nirmal Haasan Siddharth Haasan and Me K.Haasan.San Jose https://t.co/HG6c3ByD2d,640,2641
6.98778E+17,2/14/2016 7:57,Googling the Google &amp; managing some googlers. Was at the heart of @google &amp; there was so much of it there @YouTube https://t.co/h0vEv07oE6,846,2351
6.96869E+17,2/9/2016 1:32,Stuck in Boston .Snowed down https://t.co/xQ92AN4nxW,329,1287
6.96868E+17,2/9/2016 1:29,புதிய வானம் புதியபூமி எங்கும் பனிமழை பொழிகிறது நான் பயணம் செய்ய போட்டிருந்த திட்டம் தவிடாய் படி செய்கிறது ஹொஹோ ஹொஹோ,783,2124
6.96122E+17,2/7/2016 0:03,Thank you people at the conference for all the sensible questions. It made me feel and sound my thoughts better. Thanks for so much love,508,1727
6.96121E+17,2/7/2016 0:00,https://t.co/lQPv3TV8Kh. comஎன் Harvard உரையை மேற்படி தளத்தில் காணலாம்.My Harvard speech on above link.,523,1208
6.95955E+17,2/6/2016 12:58,In Boston temperature low. 27 degree Farenheit. https://t.co/z9VRMkPeei,365,1402
6.95256E+17,2/4/2016 14:43,"RT @LifeAgainNow: #LifeAgain One for One , we are there for everyone, building a world of cure and care @igautami @ikamalhaasan https://t.c…",227,0
6.95067E+17,2/4/2016 2:10,"In Dallas for ""Life again"" A global initiative for cancer care and awareness. Glad to be part of this endeavor. https://t.co/S72mDsO5B0",879,3171
6.94653E+17,2/2/2016 22:43,I go 2 talk about freedom of speech  2those who already have &amp; cherish it  I hope my words scavenged from minds of my teachers connects,365,1055
6.9465E+17,2/2/2016 22:33,Thanks 2 those very spcl strangers friends relatives lovers fans foes who had the quality 2 teach  &amp;also give me freedom to think &amp; speak,398,1254
6.94379E+17,2/2/2016 4:38,Good poems humble me even if written by me. The silent and inherent music in it is anyone's guess. Thank you Suka for sending M's poem.,359,1190
6.94379E+17,2/2/2016 4:35,Remembering a 7 year old Marathi girl who wrote fantastic poems . She must be 33 or so now. Hope poetry still pursues her.,319,1034
6.94378E+17,2/2/2016 4:33,Some contemporary Tamil poets need to be translated into English and other languages soon. Read Magudeswaran's poem this morning. Moved.,437,1169
6.93805E+17,1/31/2016 14:37,@madhankarky @YouTube நன்றி கார்கி,162,596
6.93651E+17,1/31/2016 4:24,@arrahman Hi Rahman ji . Thanks which part of the globe are you?,479,1550
6.93428E+17,1/30/2016 13:37,Happy with  response to #SpeakOnFreedom. Watch me in conversation with @iamtssudhir on #TwitterTownhall  @indiatoday TV on Jan 30 at 8pm.,381,1089
6.93424E+17,1/30/2016 13:24,@ikamalhaasan Praising Vetrimaran's movie VisaaraNai only in Tamil is limiting an International film to parochial borders. A must watch.,962,2177
6.93301E+17,1/30/2016 5:15,வெற்றிமாறன் மணிமாறனானது என் தாந்தோன்றிக்கீboardன் பிசகல்ல my bad.,566,1551
6.93301E+17,1/30/2016 5:12,நல்ல சினிமாவின் தாக்கத்தை வெற்றிமாறனின் மனதில் பதித்துச்சென்ற என் பாலுமஹேந்திராவிற்கு நன்றி நேற்று விசாரணை படம் பார்த்து வியந்தேன்,2008,4026
6.92952E+17,1/29/2016 6:05,என் தாந்தோன்றிச் செயல்படும் கீboardஐ மன்னிக்கவும்,516,1541
6.92951E+17,1/29/2016 6:02,Typo. Should have been சேருமோ?,243,843
6.9295E+17,1/29/2016 6:00,என் ட்வீட்டில் தமிழில்லையென மனங்கோணும்அன்பர்கட்கு...இத்தோழி என் தோள் மிஞ்சப் பல காரணங்கள் அக்காலணியின் உயரமும் சேரும்?,1137,2333
6.92941E+17,1/29/2016 5:22,Used to bend down for a kiss. Now she bends a little. Might also be her high heels @shrutihaasan https://t.co/sAsD8oFQnH,1423,5461
6.92736E+17,1/28/2016 15:47,@PoojaKumarNY Thank you. Wish you the very best of roles this year.,128,452
6.92734E+17,1/28/2016 15:42,@shrutihaasan Happy birthday Satakopa. A thousand kisses,369,1182
6.92727E+17,1/28/2016 15:11,Keep vigil on sumthing we believe in. It cld be dying. Send questions #SpeakOnFreedom @IndiaToday #Twitter #Townhallhttps://t.co/VxKNrwt4xA,998,2375
6.92721E+17,1/28/2016 14:50,@khushsundar Hi thanks for the warm welcome . I just returned from chilly New York so the warmth helps ;),223,786
6.92716E+17,1/28/2016 14:29,@AksharaHaasan1 Hi Akshu are you in town ?,151,532
6.92274E+17,1/27/2016 9:12,@nikkhiladvani @shrutihaasan Thank you Nikhil this is my DDay😎,175,659
6.92274E+17,1/27/2016 9:10,@jiteshpillaai Hello Jitesh from my end it's a gig whirl. ..point of view I guess 😁,160,559
6.9227E+17,1/27/2016 8:57,@trishtrashers Thank you Trisha mam😜 you think this world is also crazy ? Let's look at Jupiter for water and sanity then 😍,464,1246
6.9227E+17,1/27/2016 8:56,@ActorMadhavan Thank you Madhavan better late than never 😁,303,1027
6.91988E+17,1/26/2016 14:16,@shrutihaasan Love you too sk😘😎,730,2179
6.91985E+17,1/26/2016 14:03,India's freedom struggle remains unique even today. Respecting it is d only way to keep it &amp; set new world standardshttps://t.co/sj0vQC4RaL,4193,7526
